Name,Role,Discipline,Skills,Summary,Experience,Education
Candidate 1,Environmental Analyst,Biology,"Microscopy, Data Recording, Gel Electrophoresis","Motivated environmental analyst with strong background in Microscopy, Data Recording, Gel Electrophoresis.",Worked on projects involving Gel Electrophoresis and team collaboration.,"Bachelor of Science in Biology, ABC University"
Candidate 2,Marketing Analyst,Business,"Tableau, SQL, Market Research","Motivated marketing analyst with strong background in Tableau, SQL, Market Research.",Worked on projects involving SQL and team collaboration.,"Bachelor of Science in Business, ABC University"
Candidate 3,Curriculum Developer,Education,"Lesson Planning, Classroom Management, Assessment Design","Motivated curriculum developer with strong background in Lesson Planning, Classroom Management, Assessment Design.",Worked on projects involving Assessment Design and team collaboration.,"Bachelor of Science in Education, ABC University"
Candidate 4,Project Coordinator,Engineering,"MATLAB, SolidWorks, AutoCAD","Motivated project coordinator with strong background in MATLAB, SolidWorks, AutoCAD.",Worked on projects involving MATLAB and team collaboration.,"Bachelor of Science in Engineering, ABC University"
Candidate 5,Statistics Intern,Mathematics,"R, Statistics, LaTeX","Motivated statistics intern with strong background in R, Statistics, LaTeX.",Worked on projects involving LaTeX and team collaboration.,"Bachelor of Science in Mathematics, ABC University"
Candidate 6,Software Engineer,Computer Science,"Machine Learning, Linux, Git","Motivated software engineer with strong background in Machine Learning, Linux, Git.",Worked on projects involving Git and team collaboration.,"Bachelor of Science in Computer Science, ABC University"
Candidate 7,Financial Intern,Business,"SQL, Tableau, Financial Modeling","Motivated financial intern with strong background in SQL, Tableau, Financial Modeling.",Worked on projects involving Tableau and team collaboration.,"Bachelor of Science in Business, ABC University"
Candidate 8,Curriculum Developer,Education,"Classroom Management, Assessment Design, Lesson Planning","Motivated curriculum developer with strong background in Classroom Management, Assessment Design, Lesson Planning.",Worked on projects involving Classroom Management and team collaboration.,"Bachelor of Science in Education, ABC University"
Candidate 9,Mechanical Engineer,Engineering,"AutoCAD, Project Management, SolidWorks","Motivated mechanical engineer with strong background in AutoCAD, Project Management, SolidWorks.",Worked on projects involving SolidWorks and team collaboration.,"Bachelor of Science in Engineering, ABC University"
Candidate 10,Marketing Analyst,Business,"SQL, Financial Modeling, Market Research","Motivated marketing analyst with strong background in SQL, Financial Modeling, Market Research.",Worked on projects involving SQL and team collaboration.,"Bachelor of Science in Business, ABC University"
Candidate 11,Media Assistant,Communications,"Public Speaking, Adobe Creative Suite, Social Media Strategy","Motivated media assistant with strong background in Public Speaking, Adobe Creative Suite, Social Media Strategy.",Worked on projects involving Social Media Strategy and team collaboration.,"Bachelor of Science in Communications, ABC University"
Candidate 12,Behavioral Research Assistant,Psychology,"Survey Design, SPSS, Behavioral Coding","Motivated behavioral research assistant with strong background in Survey Design, SPSS, Behavioral Coding.",Worked on projects involving Behavioral Coding and team collaboration.,"Bachelor of Science in Psychology, ABC University"
Candidate 13,Data Analyst,Mathematics,"LaTeX, R, Data Analysis","Motivated data analyst with strong background in LaTeX, R, Data Analysis.",Worked on projects involving LaTeX and team collaboration.,"Bachelor of Science in Mathematics, ABC University"
Candidate 14,PR Intern,Communications,"Social Media Strategy, Adobe Creative Suite, Public Speaking","Motivated pr intern with strong background in Social Media Strategy, Adobe Creative Suite, Public Speaking.",Worked on projects involving Public Speaking and team collaboration.,"Bachelor of Science in Communications, ABC University"
Candidate 15,Environmental Analyst,Biology,"Microscopy, Data Recording, Gel Electrophoresis","Motivated environmental analyst with strong background in Microscopy, Data Recording, Gel Electrophoresis.",Worked on projects involving Microscopy and team collaboration.,"Bachelor of Science in Biology, ABC University"
Candidate 16,Behavioral Research Assistant,Psychology,"Behavioral Coding, R, Survey Design","Motivated behavioral research assistant with strong background in Behavioral Coding, R, Survey Design.",Worked on projects involving Survey Design and team collaboration.,"Bachelor of Science in Psychology, ABC University"
Candidate 17,Editorial Assistant,English,"MLA Style, Creative Writing, Research","Motivated editorial assistant with strong background in MLA Style, Creative Writing, Research.",Worked on projects involving Research and team collaboration.,"Bachelor of Science in English, ABC University"
Candidate 18,Teaching Assistant,English,"Editing, MLA Style, Research","Motivated teaching assistant with strong background in Editing, MLA Style, Research.",Worked on projects involving Research and team collaboration.,"Bachelor of Science in English, ABC University"
Candidate 19,Editorial Assistant,English,"Editing, Research, Public Speaking","Motivated editorial assistant with strong background in Editing, Research, Public Speaking.",Worked on projects involving Public Speaking and team collaboration.,"Bachelor of Science in English, ABC University"
Candidate 20,Mechanical Engineer,Engineering,"Project Management, MATLAB, SolidWorks","Motivated mechanical engineer with strong background in Project Management, MATLAB, SolidWorks.",Worked on projects involving MATLAB and team collaboration.,"Bachelor of Science in Engineering, ABC University"
Candidate 21,Behavioral Research Assistant,Psychology,"Behavioral Coding, SPSS, Survey Design","Motivated behavioral research assistant with strong background in Behavioral Coding, SPSS, Survey Design.",Worked on projects involving Behavioral Coding and team collaboration.,"Bachelor of Science in Psychology, ABC University"
Candidate 22,Teaching Assistant,English,"Research, Creative Writing, Editing","Motivated teaching assistant with strong background in Research, Creative Writing, Editing.",Worked on projects involving Editing and team collaboration.,"Bachelor of Science in English, ABC University"
Candidate 23,Statistics Intern,Mathematics,"Python, Statistics, R","Motivated statistics intern with strong background in Python, Statistics, R.",Worked on projects involving R and team collaboration.,"Bachelor of Science in Mathematics, ABC University"
Candidate 24,Counseling Assistant,Psychology,"Survey Design, Behavioral Coding, SPSS","Motivated counseling assistant with strong background in Survey Design, Behavioral Coding, SPSS.",Worked on projects involving Survey Design and team collaboration.,"Bachelor of Science in Psychology, ABC University"
Candidate 25,Software Engineer,Computer Science,"Git, Java, Linux","Motivated software engineer with strong background in Git, Java, Linux.",Worked on projects involving Java and team collaboration.,"Bachelor of Science in Computer Science, ABC University"
Candidate 26,Lab Assistant,Biology,"Data Recording, Microscopy, Gel Electrophoresis","Motivated lab assistant with strong background in Data Recording, Microscopy, Gel Electrophoresis.",Worked on projects involving Gel Electrophoresis and team collaboration.,"Bachelor of Science in Biology, ABC University"
Candidate 27,Machine Learning Intern,Computer Science,"Linux, Java, Machine Learning","Motivated machine learning intern with strong background in Linux, Java, Machine Learning.",Worked on projects involving Linux and team collaboration.,"Bachelor of Science in Computer Science, ABC University"
Candidate 28,PR Intern,Communications,"Adobe Creative Suite, Social Media Strategy, Public Speaking","Motivated pr intern with strong background in Adobe Creative Suite, Social Media Strategy, Public Speaking.",Worked on projects involving Adobe Creative Suite and team collaboration.,"Bachelor of Science in Communications, ABC University"
Candidate 29,Student Teacher,Education,"Classroom Management, Assessment Design, Lesson Planning","Motivated student teacher with strong background in Classroom Management, Assessment Design, Lesson Planning.",Worked on projects involving Lesson Planning and team collaboration.,"Bachelor of Science in Education, ABC University"
Candidate 30,Financial Intern,Business,"Financial Modeling, Market Research, SQL","Motivated financial intern with strong background in Financial Modeling, Market Research, SQL.",Worked on projects involving Market Research and team collaboration.,"Bachelor of Science in Business, ABC University"
Candidate 31,Mechanical Engineer,Engineering,"MATLAB, AutoCAD, SolidWorks","Motivated mechanical engineer with strong background in MATLAB, AutoCAD, SolidWorks.",Worked on projects involving AutoCAD and team collaboration.,"Bachelor of Science in Engineering, ABC University"
Candidate 32,Teaching Assistant,English,"Creative Writing, MLA Style, Editing","Motivated teaching assistant with strong background in Creative Writing, MLA Style, Editing.",Worked on projects involving Editing and team collaboration.,"Bachelor of Science in English, ABC University"
Candidate 33,Content Writer,English,"Editing, Creative Writing, MLA Style","Motivated content writer with strong background in Editing, Creative Writing, MLA Style.",Worked on projects involving Editing and team collaboration.,"Bachelor of Science in English, ABC University"
Candidate 34,Media Assistant,Communications,"Adobe Creative Suite, Public Speaking, Social Media Strategy","Motivated media assistant with strong background in Adobe Creative Suite, Public Speaking, Social Media Strategy.",Worked on projects involving Public Speaking and team collaboration.,"Bachelor of Science in Communications, ABC University"
Candidate 35,Student Teacher,Education,"Lesson Planning, Classroom Management, Assessment Design","Motivated student teacher with strong background in Lesson Planning, Classroom Management, Assessment Design.",Worked on projects involving Assessment Design and team collaboration.,"Bachelor of Science in Education, ABC University"
Candidate 36,Environmental Analyst,Biology,"Gel Electrophoresis, Data Recording, Microscopy","Motivated environmental analyst with strong background in Gel Electrophoresis, Data Recording, Microscopy.",Worked on projects involving Microscopy and team collaboration.,"Bachelor of Science in Biology, ABC University"
Candidate 37,Backend Developer,Computer Science,"Linux, Python, Git","Motivated backend developer with strong background in Linux, Python, Git.",Worked on projects involving Git and team collaboration.,"Bachelor of Science in Computer Science, ABC University"
Candidate 38,Behavioral Research Assistant,Psychology,"R, Qualtrics, Survey Design","Motivated behavioral research assistant with strong background in R, Qualtrics, Survey Design.",Worked on projects involving R and team collaboration.,"Bachelor of Science in Psychology, ABC University"
Candidate 39,Content Writer,English,"Public Speaking, Research, Creative Writing","Motivated content writer with strong background in Public Speaking, Research, Creative Writing.",Worked on projects involving Creative Writing and team collaboration.,"Bachelor of Science in English, ABC University"
Candidate 40,Research Chemist,Chemistry,"Chromatography, Titration, Lab Safety","Motivated research chemist with strong background in Chromatography, Titration, Lab Safety.",Worked on projects involving Chromatography and team collaboration.,"Bachelor of Science in Chemistry, ABC University"
Candidate 41,Project Coordinator,Engineering,"SolidWorks, Project Management, AutoCAD","Motivated project coordinator with strong background in SolidWorks, Project Management, AutoCAD.",Worked on projects involving SolidWorks and team collaboration.,"Bachelor of Science in Engineering, ABC University"
Candidate 42,Operations Associate,Business,"Excel, Market Research, Financial Modeling","Motivated operations associate with strong background in Excel, Market Research, Financial Modeling.",Worked on projects involving Excel and team collaboration.,"Bachelor of Science in Business, ABC University"
Candidate 43,Quantitative Researcher,Mathematics,"Statistics, LaTeX, Data Analysis","Motivated quantitative researcher with strong background in Statistics, LaTeX, Data Analysis.",Worked on projects involving Data Analysis and team collaboration.,"Bachelor of Science in Mathematics, ABC University"
Candidate 44,Research Intern,Biology,"Microscopy, Gel Electrophoresis, Data Recording","Motivated research intern with strong background in Microscopy, Gel Electrophoresis, Data Recording.",Worked on projects involving Gel Electrophoresis and team collaboration.,"Bachelor of Science in Biology, ABC University"
Candidate 45,Lab Assistant,Biology,"Data Recording, Gel Electrophoresis, Microscopy","Motivated lab assistant with strong background in Data Recording, Gel Electrophoresis, Microscopy.",Worked on projects involving Microscopy and team collaboration.,"Bachelor of Science in Biology, ABC University"
Candidate 46,Media Assistant,Communications,"Adobe Creative Suite, Social Media Strategy, Public Speaking","Motivated media assistant with strong background in Adobe Creative Suite, Social Media Strategy, Public Speaking.",Worked on projects involving Public Speaking and team collaboration.,"Bachelor of Science in Communications, ABC University"
Candidate 47,Media Assistant,Communications,"Social Media Strategy, Public Speaking, Adobe Creative Suite","Motivated media assistant with strong background in Social Media Strategy, Public Speaking, Adobe Creative Suite.",Worked on projects involving Social Media Strategy and team collaboration.,"Bachelor of Science in Communications, ABC University"
Candidate 48,Curriculum Developer,Education,"Assessment Design, Classroom Management, Lesson Planning","Motivated curriculum developer with strong background in Assessment Design, Classroom Management, Lesson Planning.",Worked on projects involving Assessment Design and team collaboration.,"Bachelor of Science in Education, ABC University"
Candidate 49,Research Chemist,Chemistry,"Chromatography, Lab Safety, Titration","Motivated research chemist with strong background in Chromatography, Lab Safety, Titration.",Worked on projects involving Titration and team collaboration.,"Bachelor of Science in Chemistry, ABC University"
Candidate 50,Backend Developer,Computer Science,"Linux, Java, Machine Learning","Motivated backend developer with strong background in Linux, Java, Machine Learning.",Worked on projects involving Linux and team collaboration.,"Bachelor of Science in Computer Science, ABC University"
